{
  "resourceType" : "Organization",
  "id" : "${UUID-NODASH}",
  "meta" : {
    "security" : [ {
      "system" : "http://terminology.hl7.org/CodeSystem/v3-ActReason",
      "code" : "HTEST",
      "display" : "test health data"
    } ]
  },
  "text" : {
    "status" : "generated",
    "div" : "<div xmlns=\"http://www.w3.org/1999/xhtml\"><p>Touchstone Test Data - Organization: HL7 International</p></div>"
  },
  "identifier" : [ {
    "use" : "official",
    "system" : "http://happyvalley.com/organization",
    "value" : "${D10}-${D3}-${D4}"
  } ],
  "active" : true,
  "name" : "HL7 International ${CD10}",
  "telecom" : [ {
    "system" : "phone",
    "value" : "(+1) ${D3}-${D3}-${D4}"
  } ]
}